"Address","Occurrences","H1-1","H1-1 Length","H1-2","H1-2 Length","Indexability","Indexability Status"
"https://www.sportsactiontv.com/","2","EXPERIENCE THE THRILL OF RACING","31","Upcoming Events","15","Indexable",""
"https://www.sportsactiontv.com/event-details/beach-bash-lake-view-motor-speedway","1","Beach Bash - Lake View Motor Speedway","37","","0","Indexable",""
"https://www.sportsactiontv.com/event-details/thanksgiving-rumble","1","Thanksgiving Rumble","19","","0","Indexable",""
"https://www.sportsactiontv.com/event-details/world-100","1","World 100","9","","0","Indexable",""
"https://www.sportsactiontv.com/event-list","1","Upcoming Events","15","","0","Indexable",""
"https://www.sportsactiontv.com/event-details/rain-out-classic","1","Rain Out Classic","16","","0","Indexable",""
"https://www.sportsactiontv.com/event-details/jr-johnson-eddie-mishue-memorial-1","1","Jr Johnson/Eddie Mishue Memorial","32","","0","Indexable",""
"https://www.sportsactiontv.com/event-details/jr-johnson-eddie-mishue-memorial","1","Jr Johnson | Eddie Mishue Memorial","34","","0","Indexable",""
"https://www.sportsactiontv.com/event-details/17th-annual-race-for-the-kids-modified-mafia-tour","1","17th Annual Race For The Kids - Modified Mafia Tour","51","","0","Indexable",""
